﻿<?xml version="1.0" encoding="utf-8"?>
<abapGit version="v1.0.0" serializer="LCL_OBJECT_DTEL" serializer_version="v1.0.0">
 <asx:abap xmlns:asx="http://www.sap.com/abapxml" version="1.0">
  <asx:values>
   <DD04V>
    <ROLLNAME>ZSFE_PROVIDER_PHONE</ROLLNAME>
    <DDLANGUAGE>E</DDLANGUAGE>
    <DOMNAME>CHAR20</DOMNAME>
    <HEADLEN>14</HEADLEN>
    <SCRLEN1>10</SCRLEN1>
    <SCRLEN2>14</SCRLEN2>
    <SCRLEN3>14</SCRLEN3>
    <DDTEXT>Provider_Phone_Number</DDTEXT>
    <REPTEXT>Provider_Phone</REPTEXT>
    <SCRTEXT_S>Prov_Phone</SCRTEXT_S>
    <SCRTEXT_M>Provider_Phone</SCRTEXT_M>
    <SCRTEXT_L>Provider_Phone</SCRTEXT_L>
    <DTELMASTER>E</DTELMASTER>
    <REFKIND>D</REFKIND>
   </DD04V>
   <I18N_LANGS>
    <LANGU>R</LANGU>
   </I18N_LANGS>
   <DD04_TEXTS>
    <item>
     <DDLANGUAGE>R</DDLANGUAGE>
     <DDTEXT>Телефон поставщика</DDTEXT>
     <REPTEXT>Телефон постав</REPTEXT>
     <SCRTEXT_S>Телефон по</SCRTEXT_S>
     <SCRTEXT_M>Телефон постав</SCRTEXT_M>
     <SCRTEXT_L>Телефон постав</SCRTEXT_L>
    </item>
   </DD04_TEXTS>
  </asx:values>
 </asx:abap>
</abapGit>
