﻿<?xml version="1.0" encoding="utf-8"?>
<abapGit version="v1.0.0" serializer="LCL_OBJECT_VIEW" serializer_version="v1.0.0">
 <asx:abap xmlns:asx="http://www.sap.com/abapxml" version="1.0">
  <asx:values>
   <DD25V>
    <VIEWNAME>ZSFE_V_PRODUCT</VIEWNAME>
    <AS4LOCAL>A</AS4LOCAL>
    <DDLANGUAGE>E</DDLANGUAGE>
    <AGGTYPE>V</AGGTYPE>
    <ROOTTAB>ZSFE_D_PRODUCT</ROOTTAB>
    <DDTEXT>Product Table View</DDTEXT>
    <VIEWCLASS>C</VIEWCLASS>
    <CUSTOMAUTH>A</CUSTOMAUTH>
    <GLOBALFLAG>X</GLOBALFLAG>
   </DD25V>
   <DD26V_TABLE>
    <DD26V>
     <VIEWNAME>ZSFE_V_PRODUCT</VIEWNAME>
     <TABNAME>ZSFE_D_PRODUCT</TABNAME>
     <TABPOS>0001</TABPOS>
     <FORTABNAME>ZSFE_D_PRODUCT</FORTABNAME>
    </DD26V>
    <DD26V>
     <VIEWNAME>ZSFE_V_PRODUCT</VIEWNAME>
     <TABNAME>ZSFE_D_PRODUCT_T</TABNAME>
     <TABPOS>0002</TABPOS>
     <FORTABNAME>ZSFE_D_PRODUCT</FORTABNAME>
     <FORFIELD>PRODUCT_ID</FORFIELD>
     <FORDIR>I</FORDIR>
    </DD26V>
   </DD26V_TABLE>
   <DD27P_TABLE>
    <DD27P>
     <VIEWFIELD>MANDT</VIEWFIELD>
     <TABNAME>ZSFE_D_PRODUCT</TABNAME>
     <FIELDNAME>MANDT</FIELDNAME>
     <KEYFLAG>X</KEYFLAG>
    </DD27P>
    <DD27P>
     <VIEWFIELD>PRODUCT_ID</VIEWFIELD>
     <TABNAME>ZSFE_D_PRODUCT</TABNAME>
     <FIELDNAME>PRODUCT_ID</FIELDNAME>
     <KEYFLAG>X</KEYFLAG>
    </DD27P>
    <DD27P>
     <VIEWFIELD>PROVIDER_ID</VIEWFIELD>
     <TABNAME>ZSFE_D_PRODUCT</TABNAME>
     <FIELDNAME>PROVIDER_ID</FIELDNAME>
     <CHECKTABLE>ZSFE_D_PROVIDER</CHECKTABLE>
     <SHLPORIGIN>P</SHLPORIGIN>
    </DD27P>
    <DD27P>
     <VIEWFIELD>PRODUCT_KALIBER</VIEWFIELD>
     <TABNAME>ZSFE_D_PRODUCT</TABNAME>
     <FIELDNAME>PRODUCT_KALIBER</FIELDNAME>
     <SHLPORIGIN>X</SHLPORIGIN>
    </DD27P>
    <DD27P>
     <VIEWFIELD>PRICE</VIEWFIELD>
     <TABNAME>ZSFE_D_PRODUCT</TABNAME>
     <FIELDNAME>PRICE</FIELDNAME>
    </DD27P>
    <DD27P>
     <VIEWFIELD>PRODUCT_TYPE</VIEWFIELD>
     <TABNAME>ZSFE_D_PRODUCT_T</TABNAME>
     <FIELDNAME>PRODUCT_TYPE</FIELDNAME>
     <SHLPORIGIN>X</SHLPORIGIN>
    </DD27P>
    <DD27P>
     <VIEWFIELD>PRODUCT_BRAND</VIEWFIELD>
     <TABNAME>ZSFE_D_PRODUCT_T</TABNAME>
     <FIELDNAME>PRODUCT_BRAND</FIELDNAME>
     <SHLPORIGIN>X</SHLPORIGIN>
    </DD27P>
    <DD27P>
     <VIEWFIELD>PRODUCT_NAME</VIEWFIELD>
     <TABNAME>ZSFE_D_PRODUCT_T</TABNAME>
     <FIELDNAME>PRODUCT_NAME</FIELDNAME>
     <SHLPORIGIN>X</SHLPORIGIN>
    </DD27P>
   </DD27P_TABLE>
   <DD28J_TABLE>
    <DD28J>
     <VIEWNAME>ZSFE_V_PRODUCT</VIEWNAME>
     <LTAB>ZSFE_D_PRODUCT</LTAB>
     <LFIELD>MANDT</LFIELD>
     <OPERATOR>EQ</OPERATOR>
     <RTAB>ZSFE_D_PRODUCT_T</RTAB>
     <RFIELD>MANDT</RFIELD>
     <SOURCE>F</SOURCE>
     <FRKTAB>ZSFE_D_PRODUCT_T</FRKTAB>
     <FRKFIELD>PRODUCT_ID</FRKFIELD>
     <FRKDIR>I</FRKDIR>
    </DD28J>
    <DD28J>
     <VIEWNAME>ZSFE_V_PRODUCT</VIEWNAME>
     <LTAB>ZSFE_D_PRODUCT</LTAB>
     <LFIELD>PRODUCT_ID</LFIELD>
     <OPERATOR>EQ</OPERATOR>
     <RTAB>ZSFE_D_PRODUCT_T</RTAB>
     <RFIELD>PRODUCT_ID</RFIELD>
     <SOURCE>F</SOURCE>
     <FRKTAB>ZSFE_D_PRODUCT_T</FRKTAB>
     <FRKFIELD>PRODUCT_ID</FRKFIELD>
     <FRKDIR>I</FRKDIR>
    </DD28J>
   </DD28J_TABLE>
  </asx:values>
 </asx:abap>
</abapGit>
