﻿<?xml version="1.0" encoding="utf-8"?>
<abapGit version="v1.0.0" serializer="LCL_OBJECT_DTEL" serializer_version="v1.0.0">
 <asx:abap xmlns:asx="http://www.sap.com/abapxml" version="1.0">
  <asx:values>
   <DD04V>
    <ROLLNAME>ZSFE_OWNER_FIRST_NAME</ROLLNAME>
    <DDLANGUAGE>E</DDLANGUAGE>
    <DOMNAME>ZSFE_OWNER_NAME</DOMNAME>
    <HEADLEN>16</HEADLEN>
    <SCRLEN1>09</SCRLEN1>
    <SCRLEN2>16</SCRLEN2>
    <SCRLEN3>16</SCRLEN3>
    <DDTEXT>Owner_First_Name</DDTEXT>
    <REPTEXT>Owner_First_Name</REPTEXT>
    <SCRTEXT_S>Own_FName</SCRTEXT_S>
    <SCRTEXT_M>Owner_First_Name</SCRTEXT_M>
    <SCRTEXT_L>Owner_First_Name</SCRTEXT_L>
    <DTELMASTER>E</DTELMASTER>
    <REFKIND>D</REFKIND>
   </DD04V>
   <I18N_LANGS>
    <LANGU>R</LANGU>
   </I18N_LANGS>
   <DD04_TEXTS>
    <item>
     <DDLANGUAGE>R</DDLANGUAGE>
     <DDTEXT>Имя Покупателя</DDTEXT>
     <REPTEXT>Имя Покупателя</REPTEXT>
     <SCRTEXT_S>Имя</SCRTEXT_S>
     <SCRTEXT_M>Имя Покупателя</SCRTEXT_M>
     <SCRTEXT_L>Имя Покупателя</SCRTEXT_L>
    </item>
   </DD04_TEXTS>
  </asx:values>
 </asx:abap>
</abapGit>
