﻿<?xml version="1.0" encoding="utf-8"?>
<abapGit version="v1.0.0" serializer="LCL_OBJECT_DTEL" serializer_version="v1.0.0">
 <asx:abap xmlns:asx="http://www.sap.com/abapxml" version="1.0">
  <asx:values>
   <DD04V>
    <ROLLNAME>ZSFE_PRODUCT_ID</ROLLNAME>
    <DDLANGUAGE>E</DDLANGUAGE>
    <DOMNAME>ZSFE_PRODUCT_ID</DOMNAME>
    <HEADLEN>10</HEADLEN>
    <SCRLEN1>10</SCRLEN1>
    <SCRLEN2>10</SCRLEN2>
    <SCRLEN3>10</SCRLEN3>
    <DDTEXT>Product_ID</DDTEXT>
    <REPTEXT>Product_ID</REPTEXT>
    <SCRTEXT_S>Product_ID</SCRTEXT_S>
    <SCRTEXT_M>Product_ID</SCRTEXT_M>
    <SCRTEXT_L>Product_ID</SCRTEXT_L>
    <DTELMASTER>E</DTELMASTER>
    <REFKIND>D</REFKIND>
   </DD04V>
   <I18N_LANGS>
    <LANGU>R</LANGU>
   </I18N_LANGS>
   <DD04_TEXTS>
    <item>
     <DDLANGUAGE>R</DDLANGUAGE>
     <DDTEXT>ID Товара</DDTEXT>
     <REPTEXT>ID Товара</REPTEXT>
     <SCRTEXT_S>ID Товара</SCRTEXT_S>
     <SCRTEXT_M>ID Товара</SCRTEXT_M>
     <SCRTEXT_L>ID Товара</SCRTEXT_L>
    </item>
   </DD04_TEXTS>
  </asx:values>
 </asx:abap>
</abapGit>
