﻿<?xml version="1.0" encoding="utf-8"?>
<abapGit version="v1.0.0" serializer="LCL_OBJECT_SHLP" serializer_version="v1.0.0">
 <asx:abap xmlns:asx="http://www.sap.com/abapxml" version="1.0">
  <asx:values>
   <DD30V>
    <SHLPNAME>ZSFE_SH_PRODUCT_NAME</SHLPNAME>
    <DDLANGUAGE>E</DDLANGUAGE>
    <DDTEXT>SH for Product Name</DDTEXT>
    <ISSIMPLE>X</ISSIMPLE>
    <SELMETHOD>ZSFE_D_PRODUCT_T</SELMETHOD>
    <SELMTYPE>T</SELMTYPE>
    <DIALOGTYPE>D</DIALOGTYPE>
    <FUZZY_SIMILARITY>0.8</FUZZY_SIMILARITY>
   </DD30V>
   <DD32P_TABLE>
    <DD32P>
     <SHLPNAME>ZSFE_SH_PRODUCT_NAME</SHLPNAME>
     <FIELDNAME>PRODUCT_NAME</FIELDNAME>
     <FLPOSITION>0001</FLPOSITION>
     <ROLLNAME>ZSFE_PRODUCT_NAME</ROLLNAME>
     <SHLPINPUT>X</SHLPINPUT>
     <SHLPOUTPUT>X</SHLPOUTPUT>
     <SHLPSELPOS>01</SHLPSELPOS>
     <SHLPLISPOS>01</SHLPLISPOS>
     <SCRLEN3>12</SCRLEN3>
    </DD32P>
   </DD32P_TABLE>
  </asx:values>
 </asx:abap>
</abapGit>
