﻿<?xml version="1.0" encoding="utf-8"?>
<abapGit version="v1.0.0" serializer="LCL_OBJECT_DTEL" serializer_version="v1.0.0">
 <asx:abap xmlns:asx="http://www.sap.com/abapxml" version="1.0">
  <asx:values>
   <DD04V>
    <ROLLNAME>ZSFE_PRODUCT_BRAND</ROLLNAME>
    <DDLANGUAGE>E</DDLANGUAGE>
    <DOMNAME>ZSFE_PRODUCT_BRAND</DOMNAME>
    <HEADLEN>13</HEADLEN>
    <SCRLEN1>10</SCRLEN1>
    <SCRLEN2>13</SCRLEN2>
    <SCRLEN3>13</SCRLEN3>
    <DDTEXT>Product_Brand</DDTEXT>
    <REPTEXT>Product_Brand</REPTEXT>
    <SCRTEXT_S>Prod_Brand</SCRTEXT_S>
    <SCRTEXT_M>Product_Brand</SCRTEXT_M>
    <SCRTEXT_L>Product_Brand</SCRTEXT_L>
    <DTELMASTER>E</DTELMASTER>
    <REFKIND>D</REFKIND>
   </DD04V>
   <I18N_LANGS>
    <LANGU>R</LANGU>
   </I18N_LANGS>
   <DD04_TEXTS>
    <item>
     <DDLANGUAGE>R</DDLANGUAGE>
     <DDTEXT>Производитель</DDTEXT>
     <REPTEXT>Производитель</REPTEXT>
     <SCRTEXT_S>Производит</SCRTEXT_S>
     <SCRTEXT_M>Производитель</SCRTEXT_M>
     <SCRTEXT_L>Производитель</SCRTEXT_L>
    </item>
   </DD04_TEXTS>
  </asx:values>
 </asx:abap>
</abapGit>
