﻿<?xml version="1.0" encoding="utf-8"?>
<abapGit version="v1.0.0" serializer="LCL_OBJECT_TABL" serializer_version="v1.0.0">
 <asx:abap xmlns:asx="http://www.sap.com/abapxml" version="1.0">
  <asx:values>
   <DD02V>
    <TABNAME>ZSFE_D_PRODUCT_T</TABNAME>
    <DDLANGUAGE>E</DDLANGUAGE>
    <TABCLASS>TRANSP</TABCLASS>
    <CLIDEP>X</CLIDEP>
    <DDTEXT>Product_Text_Table</DDTEXT>
    <MAINFLAG>X</MAINFLAG>
    <CONTFLAG>A</CONTFLAG>
    <EXCLASS>4</EXCLASS>
   </DD02V>
   <DD09L>
    <TABNAME>ZSFE_D_PRODUCT_T</TABNAME>
    <AS4LOCAL>A</AS4LOCAL>
    <TABKAT>0</TABKAT>
    <TABART>APPL0</TABART>
    <UEBERSETZ>N</UEBERSETZ>
    <BUFALLOW>N</BUFALLOW>
   </DD09L>
   <DD03P_TABLE>
    <DD03P>
     <FIELDNAME>MANDT</FIELDNAME>
     <KEYFLAG>X</KEYFLAG>
     <ROLLNAME>MANDT</ROLLNAME>
     <ADMINFIELD>0</ADMINFIELD>
     <NOTNULL>X</NOTNULL>
     <COMPTYPE>E</COMPTYPE>
    </DD03P>
    <DD03P>
     <FIELDNAME>LANGU</FIELDNAME>
     <KEYFLAG>X</KEYFLAG>
     <ROLLNAME>SPRAS</ROLLNAME>
     <ADMINFIELD>0</ADMINFIELD>
     <NOTNULL>X</NOTNULL>
     <SHLPORIGIN>D</SHLPORIGIN>
     <COMPTYPE>E</COMPTYPE>
     <LANGUFLAG>X</LANGUFLAG>
    </DD03P>
    <DD03P>
     <FIELDNAME>PRODUCT_ID</FIELDNAME>
     <KEYFLAG>X</KEYFLAG>
     <ROLLNAME>ZSFE_PRODUCT_ID</ROLLNAME>
     <CHECKTABLE>ZSFE_D_PRODUCT</CHECKTABLE>
     <ADMINFIELD>0</ADMINFIELD>
     <NOTNULL>X</NOTNULL>
     <SHLPORIGIN>P</SHLPORIGIN>
     <COMPTYPE>E</COMPTYPE>
    </DD03P>
    <DD03P>
     <FIELDNAME>PRODUCT_BRAND</FIELDNAME>
     <ROLLNAME>ZSFE_PRODUCT_BRAND</ROLLNAME>
     <ADMINFIELD>0</ADMINFIELD>
     <SHLPORIGIN>X</SHLPORIGIN>
     <COMPTYPE>E</COMPTYPE>
    </DD03P>
    <DD03P>
     <FIELDNAME>PRODUCT_TYPE</FIELDNAME>
     <ROLLNAME>ZSFE_PRODUCT_TYPE</ROLLNAME>
     <ADMINFIELD>0</ADMINFIELD>
     <SHLPORIGIN>X</SHLPORIGIN>
     <COMPTYPE>E</COMPTYPE>
    </DD03P>
    <DD03P>
     <FIELDNAME>PRODUCT_NAME</FIELDNAME>
     <ROLLNAME>ZSFE_PRODUCT_NAME</ROLLNAME>
     <ADMINFIELD>0</ADMINFIELD>
     <SHLPORIGIN>X</SHLPORIGIN>
     <COMPTYPE>E</COMPTYPE>
    </DD03P>
   </DD03P_TABLE>
   <DD05M_TABLE>
    <DD05M>
     <FIELDNAME>PRODUCT_ID</FIELDNAME>
     <FORTABLE>ZSFE_D_PRODUCT_T</FORTABLE>
     <FORKEY>MANDT</FORKEY>
     <CHECKTABLE>ZSFE_D_PRODUCT</CHECKTABLE>
     <CHECKFIELD>MANDT</CHECKFIELD>
     <PRIMPOS>0001</PRIMPOS>
     <DOMNAME>MANDT</DOMNAME>
     <DATATYPE>CLNT</DATATYPE>
     <LENG>000003</LENG>
    </DD05M>
    <DD05M>
     <FIELDNAME>PRODUCT_ID</FIELDNAME>
     <FORTABLE>ZSFE_D_PRODUCT_T</FORTABLE>
     <FORKEY>PRODUCT_ID</FORKEY>
     <CHECKTABLE>ZSFE_D_PRODUCT</CHECKTABLE>
     <CHECKFIELD>PRODUCT_ID</CHECKFIELD>
     <PRIMPOS>0002</PRIMPOS>
     <DOMNAME>ZSFE_PRODUCT_ID</DOMNAME>
     <DATATYPE>NUMC</DATATYPE>
     <LENG>000006</LENG>
    </DD05M>
   </DD05M_TABLE>
   <DD08V_TABLE>
    <DD08V>
     <FIELDNAME>PRODUCT_ID</FIELDNAME>
     <CHECKTABLE>ZSFE_D_PRODUCT</CHECKTABLE>
     <FRKART>TEXT</FRKART>
     <CARD>CN</CARD>
     <CARDLEFT>1</CARDLEFT>
    </DD08V>
   </DD08V_TABLE>
   <DD35V_TALE>
    <DD35V>
     <FIELDNAME>PRODUCT_BRAND</FIELDNAME>
     <SHLPNAME>ZSFE_SH_PRODUCT_BRAND</SHLPNAME>
    </DD35V>
    <DD35V>
     <FIELDNAME>PRODUCT_NAME</FIELDNAME>
     <SHLPNAME>ZSFE_SH_PRODUCT_NAME</SHLPNAME>
    </DD35V>
    <DD35V>
     <FIELDNAME>PRODUCT_TYPE</FIELDNAME>
     <SHLPNAME>ZSFE_SH_PRODUCT_TYPE</SHLPNAME>
    </DD35V>
   </DD35V_TALE>
   <DD36M>
    <DD36M>
     <FIELDNAME>PRODUCT_BRAND</FIELDNAME>
     <SHLPNAME>ZSFE_SH_PRODUCT_BRAND</SHLPNAME>
     <SHLPFIELD>PRODUCT_BRAND</SHLPFIELD>
     <FLPOSITION>0001</FLPOSITION>
     <SHTABLE>ZSFE_D_PRODUCT_T</SHTABLE>
     <SHFIELD>PRODUCT_BRAND</SHFIELD>
     <SHLPINPUT>X</SHLPINPUT>
     <SHLPOUTPUT>X</SHLPOUTPUT>
     <ROLLNAME>ZSFE_PRODUCT_BRAND</ROLLNAME>
     <DOMNAME>ZSFE_PRODUCT_BRAND</DOMNAME>
     <DATATYPE>CHAR</DATATYPE>
     <LENG>000030</LENG>
    </DD36M>
    <DD36M>
     <FIELDNAME>PRODUCT_NAME</FIELDNAME>
     <SHLPNAME>ZSFE_SH_PRODUCT_NAME</SHLPNAME>
     <SHLPFIELD>PRODUCT_NAME</SHLPFIELD>
     <FLPOSITION>0001</FLPOSITION>
     <SHTABLE>ZSFE_D_PRODUCT_T</SHTABLE>
     <SHFIELD>PRODUCT_NAME</SHFIELD>
     <SHLPINPUT>X</SHLPINPUT>
     <SHLPOUTPUT>X</SHLPOUTPUT>
     <ROLLNAME>ZSFE_PRODUCT_NAME</ROLLNAME>
     <DOMNAME>ZSFE_PRODUCT_NAME</DOMNAME>
     <DATATYPE>CHAR</DATATYPE>
     <LENG>000030</LENG>
    </DD36M>
    <DD36M>
     <FIELDNAME>PRODUCT_TYPE</FIELDNAME>
     <SHLPNAME>ZSFE_SH_PRODUCT_TYPE</SHLPNAME>
     <SHLPFIELD>PRODUCT_TYPE</SHLPFIELD>
     <FLPOSITION>0001</FLPOSITION>
     <SHTABLE>ZSFE_D_PRODUCT_T</SHTABLE>
     <SHFIELD>PRODUCT_TYPE</SHFIELD>
     <SHLPINPUT>X</SHLPINPUT>
     <SHLPOUTPUT>X</SHLPOUTPUT>
     <ROLLNAME>ZSFE_PRODUCT_TYPE</ROLLNAME>
     <DOMNAME>ZSFE_PRODUCT_TYPE</DOMNAME>
     <DATATYPE>CHAR</DATATYPE>
     <LENG>000020</LENG>
    </DD36M>
   </DD36M>
   <I18N_LANGS>
    <LANGU>R</LANGU>
   </I18N_LANGS>
   <DD02_TEXTS>
    <item>
     <DDLANGUAGE>R</DDLANGUAGE>
     <DDTEXT>Товар_Текстовая_Таблица</DDTEXT>
    </item>
   </DD02_TEXTS>
  </asx:values>
 </asx:abap>
</abapGit>
