﻿<?xml version="1.0" encoding="utf-8"?>
<abapGit version="v1.0.0" serializer="LCL_OBJECT_DTEL" serializer_version="v1.0.0">
 <asx:abap xmlns:asx="http://www.sap.com/abapxml" version="1.0">
  <asx:values>
   <DD04V>
    <ROLLNAME>ZSFE_CARD_ID</ROLLNAME>
    <DDLANGUAGE>E</DDLANGUAGE>
    <DOMNAME>ZSFE_CARD_ID</DOMNAME>
    <HEADLEN>55</HEADLEN>
    <SCRLEN1>10</SCRLEN1>
    <SCRLEN2>20</SCRLEN2>
    <SCRLEN3>40</SCRLEN3>
    <DDTEXT>Discount_Card_ID</DDTEXT>
    <REPTEXT>Card_ID</REPTEXT>
    <SCRTEXT_S>Card_ID</SCRTEXT_S>
    <SCRTEXT_M>Card_ID</SCRTEXT_M>
    <SCRTEXT_L>Card_ID</SCRTEXT_L>
    <DTELMASTER>E</DTELMASTER>
    <REFKIND>D</REFKIND>
   </DD04V>
   <I18N_LANGS>
    <LANGU>R</LANGU>
   </I18N_LANGS>
   <DD04_TEXTS>
    <item>
     <DDLANGUAGE>R</DDLANGUAGE>
     <DDTEXT>ID скидочной карты</DDTEXT>
     <REPTEXT>ID скидочной карты</REPTEXT>
     <SCRTEXT_S>ID карты</SCRTEXT_S>
     <SCRTEXT_M>ID скидочной карты</SCRTEXT_M>
     <SCRTEXT_L>ID скидочной карты</SCRTEXT_L>
    </item>
   </DD04_TEXTS>
  </asx:values>
 </asx:abap>
</abapGit>
