﻿<?xml version="1.0" encoding="utf-8"?>
<abapGit version="v1.0.0" serializer="LCL_OBJECT_VIEW" serializer_version="v1.0.0">
 <asx:abap xmlns:asx="http://www.sap.com/abapxml" version="1.0">
  <asx:values>
   <DD25V>
    <VIEWNAME>ZSFE_V_CARD</VIEWNAME>
    <AS4LOCAL>A</AS4LOCAL>
    <DDLANGUAGE>E</DDLANGUAGE>
    <AGGTYPE>V</AGGTYPE>
    <ROOTTAB>ZSFE_D_CARD</ROOTTAB>
    <DDTEXT>Card View</DDTEXT>
    <VIEWCLASS>C</VIEWCLASS>
    <CUSTOMAUTH>A</CUSTOMAUTH>
    <GLOBALFLAG>X</GLOBALFLAG>
   </DD25V>
   <DD26V_TABLE>
    <DD26V>
     <VIEWNAME>ZSFE_V_CARD</VIEWNAME>
     <TABNAME>ZSFE_D_CARD</TABNAME>
     <TABPOS>0001</TABPOS>
     <FORTABNAME>ZSFE_D_CARD</FORTABNAME>
    </DD26V>
    <DD26V>
     <VIEWNAME>ZSFE_V_CARD</VIEWNAME>
     <TABNAME>ZSFE_D_CARD_T</TABNAME>
     <TABPOS>0002</TABPOS>
     <FORTABNAME>ZSFE_D_CARD</FORTABNAME>
     <FORFIELD>CARD_ID</FORFIELD>
     <FORDIR>I</FORDIR>
    </DD26V>
   </DD26V_TABLE>
   <DD27P_TABLE>
    <DD27P>
     <VIEWFIELD>MANDT</VIEWFIELD>
     <TABNAME>ZSFE_D_CARD</TABNAME>
     <FIELDNAME>MANDT</FIELDNAME>
     <KEYFLAG>X</KEYFLAG>
    </DD27P>
    <DD27P>
     <VIEWFIELD>CARD_ID</VIEWFIELD>
     <TABNAME>ZSFE_D_CARD</TABNAME>
     <FIELDNAME>CARD_ID</FIELDNAME>
     <KEYFLAG>X</KEYFLAG>
    </DD27P>
    <DD27P>
     <VIEWFIELD>OWNER_FIRST_NAME</VIEWFIELD>
     <TABNAME>ZSFE_D_CARD_T</TABNAME>
     <FIELDNAME>OWNER_FIRST_NAME</FIELDNAME>
    </DD27P>
    <DD27P>
     <VIEWFIELD>OWNER_LAST_NAME</VIEWFIELD>
     <TABNAME>ZSFE_D_CARD_T</TABNAME>
     <FIELDNAME>OWNER_LAST_NAME</FIELDNAME>
    </DD27P>
    <DD27P>
     <VIEWFIELD>CARD_TYPE_ID</VIEWFIELD>
     <TABNAME>ZSFE_D_CARD</TABNAME>
     <FIELDNAME>CARD_TYPE_ID</FIELDNAME>
     <CHECKTABLE>ZSFE_D_CARD_TYPE</CHECKTABLE>
     <SHLPORIGIN>P</SHLPORIGIN>
    </DD27P>
    <DD27P>
     <VIEWFIELD>OWNER_PHONE</VIEWFIELD>
     <TABNAME>ZSFE_D_CARD</TABNAME>
     <FIELDNAME>OWNER_PHONE</FIELDNAME>
    </DD27P>
   </DD27P_TABLE>
   <DD28J_TABLE>
    <DD28J>
     <VIEWNAME>ZSFE_V_CARD</VIEWNAME>
     <LTAB>ZSFE_D_CARD</LTAB>
     <LFIELD>MANDT</LFIELD>
     <OPERATOR>EQ</OPERATOR>
     <RTAB>ZSFE_D_CARD_T</RTAB>
     <RFIELD>MANDT</RFIELD>
     <SOURCE>F</SOURCE>
     <FRKTAB>ZSFE_D_CARD_T</FRKTAB>
     <FRKFIELD>CARD_ID</FRKFIELD>
     <FRKDIR>I</FRKDIR>
    </DD28J>
    <DD28J>
     <VIEWNAME>ZSFE_V_CARD</VIEWNAME>
     <LTAB>ZSFE_D_CARD</LTAB>
     <LFIELD>CARD_ID</LFIELD>
     <OPERATOR>EQ</OPERATOR>
     <RTAB>ZSFE_D_CARD_T</RTAB>
     <RFIELD>CARD_ID</RFIELD>
     <SOURCE>F</SOURCE>
     <FRKTAB>ZSFE_D_CARD_T</FRKTAB>
     <FRKFIELD>CARD_ID</FRKFIELD>
     <FRKDIR>I</FRKDIR>
    </DD28J>
   </DD28J_TABLE>
  </asx:values>
 </asx:abap>
</abapGit>
