﻿<?xml version="1.0" encoding="utf-8"?>
<abapGit version="v1.0.0" serializer="LCL_OBJECT_DTEL" serializer_version="v1.0.0">
 <asx:abap xmlns:asx="http://www.sap.com/abapxml" version="1.0">
  <asx:values>
   <DD04V>
    <ROLLNAME>ZSFE_KALIBER</ROLLNAME>
    <DDLANGUAGE>E</DDLANGUAGE>
    <DOMNAME>ZSFE_KALIBER</DOMNAME>
    <HEADLEN>15</HEADLEN>
    <SCRLEN1>10</SCRLEN1>
    <SCRLEN2>15</SCRLEN2>
    <SCRLEN3>15</SCRLEN3>
    <DDTEXT>Product_Kaliber</DDTEXT>
    <REPTEXT>Product_Kaliber</REPTEXT>
    <SCRTEXT_S>Prod_Kalib</SCRTEXT_S>
    <SCRTEXT_M>Product_Kaliber</SCRTEXT_M>
    <SCRTEXT_L>Product_Kaliber</SCRTEXT_L>
    <DTELMASTER>E</DTELMASTER>
    <REFKIND>D</REFKIND>
   </DD04V>
   <I18N_LANGS>
    <LANGU>R</LANGU>
   </I18N_LANGS>
   <DD04_TEXTS>
    <item>
     <DDLANGUAGE>R</DDLANGUAGE>
     <DDTEXT>Калибр</DDTEXT>
     <REPTEXT>Калибр</REPTEXT>
     <SCRTEXT_S>Калибр</SCRTEXT_S>
     <SCRTEXT_M>Калибр</SCRTEXT_M>
     <SCRTEXT_L>Калибр</SCRTEXT_L>
    </item>
   </DD04_TEXTS>
  </asx:values>
 </asx:abap>
</abapGit>
