﻿<?xml version="1.0" encoding="utf-8"?>
<abapGit version="v1.0.0" serializer="LCL_OBJECT_DTEL" serializer_version="v1.0.0">
 <asx:abap xmlns:asx="http://www.sap.com/abapxml" version="1.0">
  <asx:values>
   <DD04V>
    <ROLLNAME>ZSFE_SUM</ROLLNAME>
    <DDLANGUAGE>E</DDLANGUAGE>
    <HEADLEN>09</HEADLEN>
    <SCRLEN1>09</SCRLEN1>
    <SCRLEN2>09</SCRLEN2>
    <SCRLEN3>09</SCRLEN3>
    <DDTEXT>Order_Sum</DDTEXT>
    <REPTEXT>Order_Sum</REPTEXT>
    <SCRTEXT_S>Order_Sum</SCRTEXT_S>
    <SCRTEXT_M>Order_Sum</SCRTEXT_M>
    <SCRTEXT_L>Order_Sum</SCRTEXT_L>
    <DTELMASTER>E</DTELMASTER>
    <DATATYPE>FLTP</DATATYPE>
    <LENG>000016</LENG>
    <DECIMALS>000016</DECIMALS>
    <OUTPUTLEN>000022</OUTPUTLEN>
   </DD04V>
   <I18N_LANGS>
    <LANGU>R</LANGU>
   </I18N_LANGS>
   <DD04_TEXTS>
    <item>
     <DDLANGUAGE>R</DDLANGUAGE>
     <DDTEXT>Сумма заказа</DDTEXT>
     <REPTEXT>Сумма зак</REPTEXT>
     <SCRTEXT_S>Сумма зак</SCRTEXT_S>
     <SCRTEXT_M>Сумма зак</SCRTEXT_M>
     <SCRTEXT_L>Сумма зак</SCRTEXT_L>
    </item>
   </DD04_TEXTS>
  </asx:values>
 </asx:abap>
</abapGit>
