﻿<?xml version="1.0" encoding="utf-8"?>
<abapGit version="v1.0.0" serializer="LCL_OBJECT_DTEL" serializer_version="v1.0.0">
 <asx:abap xmlns:asx="http://www.sap.com/abapxml" version="1.0">
  <asx:values>
   <DD04V>
    <ROLLNAME>ZSFE_CARD_NAME</ROLLNAME>
    <DDLANGUAGE>E</DDLANGUAGE>
    <DOMNAME>ZSFE_CARD_NAME</DOMNAME>
    <HEADLEN>09</HEADLEN>
    <SCRLEN1>09</SCRLEN1>
    <SCRLEN2>09</SCRLEN2>
    <SCRLEN3>09</SCRLEN3>
    <DDTEXT>Card_Name</DDTEXT>
    <REPTEXT>Card_Name</REPTEXT>
    <SCRTEXT_S>Card_Name</SCRTEXT_S>
    <SCRTEXT_M>Card_Name</SCRTEXT_M>
    <SCRTEXT_L>Card_Name</SCRTEXT_L>
    <DTELMASTER>E</DTELMASTER>
    <REFKIND>D</REFKIND>
   </DD04V>
   <I18N_LANGS>
    <LANGU>R</LANGU>
   </I18N_LANGS>
   <DD04_TEXTS>
    <item>
     <DDLANGUAGE>R</DDLANGUAGE>
     <DDTEXT>Имя карты</DDTEXT>
     <REPTEXT>Имя карты</REPTEXT>
     <SCRTEXT_S>Имя карты</SCRTEXT_S>
     <SCRTEXT_M>Имя карты</SCRTEXT_M>
     <SCRTEXT_L>Имя карты</SCRTEXT_L>
    </item>
   </DD04_TEXTS>
  </asx:values>
 </asx:abap>
</abapGit>
