﻿<?xml version="1.0" encoding="utf-8"?>
<abapGit version="v1.0.0" serializer="LCL_OBJECT_ENQU" serializer_version="v1.0.0">
 <asx:abap xmlns:asx="http://www.sap.com/abapxml" version="1.0">
  <asx:values>
   <DD25V>
    <VIEWNAME>EZSFE_D_ORDER</VIEWNAME>
    <DDLANGUAGE>E</DDLANGUAGE>
    <AGGTYPE>E</AGGTYPE>
    <ROOTTAB>ZSFE_D_ORDER</ROOTTAB>
    <DDTEXT>Locked Object for Order</DDTEXT>
   </DD25V>
   <DD26E_TABLE>
    <DD26E>
     <VIEWNAME>EZSFE_D_ORDER</VIEWNAME>
     <TABNAME>ZSFE_D_ORDER</TABNAME>
     <TABPOS>0001</TABPOS>
     <FORTABNAME>ZSFE_D_ORDER</FORTABNAME>
     <ENQMODE>E</ENQMODE>
    </DD26E>
    <DD26E>
     <VIEWNAME>EZSFE_D_ORDER</VIEWNAME>
     <TABNAME>ZSFE_D_ORDER_PRO</TABNAME>
     <TABPOS>0002</TABPOS>
     <FORTABNAME>ZSFE_D_ORDER</FORTABNAME>
     <FORFIELD>ORDER_ID</FORFIELD>
     <FORDIR>I</FORDIR>
     <ENQMODE>S</ENQMODE>
    </DD26E>
   </DD26E_TABLE>
   <DD27P_TABLE>
    <DD27P>
     <VIEWNAME>EZSFE_D_ORDER</VIEWNAME>
     <OBJPOS>0001</OBJPOS>
     <VIEWFIELD>MANDT</VIEWFIELD>
     <TABNAME>ZSFE_D_ORDER</TABNAME>
     <FIELDNAME>MANDT</FIELDNAME>
     <KEYFLAG>X</KEYFLAG>
     <ENQMODE>E</ENQMODE>
    </DD27P>
    <DD27P>
     <VIEWNAME>EZSFE_D_ORDER</VIEWNAME>
     <OBJPOS>0002</OBJPOS>
     <VIEWFIELD>ORDER_ID</VIEWFIELD>
     <TABNAME>ZSFE_D_ORDER</TABNAME>
     <FIELDNAME>ORDER_ID</FIELDNAME>
     <KEYFLAG>X</KEYFLAG>
     <ENQMODE>E</ENQMODE>
    </DD27P>
    <DD27P>
     <VIEWNAME>EZSFE_D_ORDER</VIEWNAME>
     <OBJPOS>0003</OBJPOS>
     <VIEWFIELD>PRODUCT_ID</VIEWFIELD>
     <TABNAME>ZSFE_D_ORDER_PRO</TABNAME>
     <FIELDNAME>PRODUCT_ID</FIELDNAME>
     <KEYFLAG>X</KEYFLAG>
     <ENQMODE>S</ENQMODE>
     <CHECKTABLE>ZSFE_D_PRODUCT</CHECKTABLE>
     <SHLPORIGIN>P</SHLPORIGIN>
    </DD27P>
    <DD27P>
     <VIEWNAME>EZSFE_D_ORDER</VIEWNAME>
     <OBJPOS>0004</OBJPOS>
     <VIEWFIELD>ORDER_PRO_ID</VIEWFIELD>
     <TABNAME>ZSFE_D_ORDER_PRO</TABNAME>
     <FIELDNAME>ORDER_PRO_ID</FIELDNAME>
     <KEYFLAG>X</KEYFLAG>
     <ENQMODE>S</ENQMODE>
    </DD27P>
   </DD27P_TABLE>
  </asx:values>
 </asx:abap>
</abapGit>
