﻿<?xml version="1.0" encoding="utf-8"?>
<abapGit version="v1.0.0" serializer="LCL_OBJECT_DTEL" serializer_version="v1.0.0">
 <asx:abap xmlns:asx="http://www.sap.com/abapxml" version="1.0">
  <asx:values>
   <DD04V>
    <ROLLNAME>ZSFE_PRODUCT_NAME</ROLLNAME>
    <DDLANGUAGE>E</DDLANGUAGE>
    <DOMNAME>ZSFE_PRODUCT_NAME</DOMNAME>
    <HEADLEN>12</HEADLEN>
    <SCRLEN1>09</SCRLEN1>
    <SCRLEN2>12</SCRLEN2>
    <SCRLEN3>12</SCRLEN3>
    <DDTEXT>Product_Name</DDTEXT>
    <REPTEXT>Product_Name</REPTEXT>
    <SCRTEXT_S>Prod_Name</SCRTEXT_S>
    <SCRTEXT_M>Product_Name</SCRTEXT_M>
    <SCRTEXT_L>Product_Name</SCRTEXT_L>
    <DTELMASTER>E</DTELMASTER>
    <REFKIND>D</REFKIND>
   </DD04V>
   <I18N_LANGS>
    <LANGU>R</LANGU>
   </I18N_LANGS>
   <DD04_TEXTS>
    <item>
     <DDLANGUAGE>R</DDLANGUAGE>
     <DDTEXT>Название</DDTEXT>
     <REPTEXT>Название</REPTEXT>
     <SCRTEXT_S>Название</SCRTEXT_S>
     <SCRTEXT_M>Название</SCRTEXT_M>
     <SCRTEXT_L>Название</SCRTEXT_L>
    </item>
   </DD04_TEXTS>
  </asx:values>
 </asx:abap>
</abapGit>
