﻿<?xml version="1.0" encoding="utf-8"?>
<abapGit version="v1.0.0" serializer="LCL_OBJECT_DTEL" serializer_version="v1.0.0">
 <asx:abap xmlns:asx="http://www.sap.com/abapxml" version="1.0">
  <asx:values>
   <DD04V>
    <ROLLNAME>ZSFE_PASSPORT</ROLLNAME>
    <DDLANGUAGE>E</DDLANGUAGE>
    <DOMNAME>CHAR20</DOMNAME>
    <HEADLEN>20</HEADLEN>
    <SCRLEN1>10</SCRLEN1>
    <SCRLEN2>20</SCRLEN2>
    <SCRLEN3>40</SCRLEN3>
    <DDTEXT>Owner_Passport</DDTEXT>
    <REPTEXT>Owner_Passport</REPTEXT>
    <SCRTEXT_S>Owner_Pass</SCRTEXT_S>
    <SCRTEXT_M>Owner_Passport</SCRTEXT_M>
    <SCRTEXT_L>Owner_Passport</SCRTEXT_L>
    <DTELMASTER>E</DTELMASTER>
    <REFKIND>D</REFKIND>
   </DD04V>
   <I18N_LANGS>
    <LANGU>R</LANGU>
   </I18N_LANGS>
   <DD04_TEXTS>
    <item>
     <DDLANGUAGE>R</DDLANGUAGE>
     <DDTEXT>Пасспорт</DDTEXT>
     <REPTEXT>Пасспорт</REPTEXT>
     <SCRTEXT_S>Пасспорт</SCRTEXT_S>
     <SCRTEXT_M>Пасспорт</SCRTEXT_M>
     <SCRTEXT_L>Пасспорт</SCRTEXT_L>
    </item>
   </DD04_TEXTS>
  </asx:values>
 </asx:abap>
</abapGit>
