﻿<?xml version="1.0" encoding="utf-8"?>
<abapGit version="v1.0.0" serializer="LCL_OBJECT_FUGR" serializer_version="v1.0.0">
 <asx:abap xmlns:asx="http://www.sap.com/abapxml" version="1.0">
  <asx:values>
   <AREAT>FG for insert and delete</AREAT>
   <INCLUDES>
    <SOBJ_NAME>LZSFE_FG_INSERTSTOP</SOBJ_NAME>
    <SOBJ_NAME>SAPLZSFE_FG_INSERTS</SOBJ_NAME>
   </INCLUDES>
   <FUNCTIONS>
    <item>
     <FUNCNAME>ZSFE_FM_DELETE_ORDER</FUNCNAME>
     <UPDATE_TASK>1</UPDATE_TASK>
     <SHORT_TEXT>FM for Delete Order</SHORT_TEXT>
     <IMPORT>
      <RSIMP>
       <PARAMETER>LV_ORDER_ID</PARAMETER>
       <TYP>ZSFE_ORDER_ID</TYP>
      </RSIMP>
     </IMPORT>
     <DOCUMENTATION>
      <RSFDO>
       <PARAMETER>LV_ORDER_ID</PARAMETER>
       <KIND>P</KIND>
       <STEXT>Order_ID</STEXT>
      </RSFDO>
     </DOCUMENTATION>
    </item>
    <item>
     <FUNCNAME>ZSFE_FM_DELETE_PRODUCT</FUNCNAME>
     <UPDATE_TASK>1</UPDATE_TASK>
     <SHORT_TEXT>FM for Delete Product</SHORT_TEXT>
     <IMPORT>
      <RSIMP>
       <PARAMETER>LV_PRODUCT_ID</PARAMETER>
       <TYP>ZSFE_PRODUCT_ID</TYP>
      </RSIMP>
     </IMPORT>
     <DOCUMENTATION>
      <RSFDO>
       <PARAMETER>LV_PRODUCT_ID</PARAMETER>
       <KIND>P</KIND>
       <STEXT>Product_ID</STEXT>
      </RSFDO>
     </DOCUMENTATION>
    </item>
    <item>
     <FUNCNAME>ZSFE_FM_INSERT_ORDER</FUNCNAME>
     <UPDATE_TASK>1</UPDATE_TASK>
     <SHORT_TEXT>FM for insert order</SHORT_TEXT>
     <IMPORT>
      <RSIMP>
       <PARAMETER>LV_PASSPORT</PARAMETER>
       <TYP>ZSFE_PASSPORT</TYP>
      </RSIMP>
      <RSIMP>
       <PARAMETER>LV_PRODUCT_ID</PARAMETER>
       <TYP>ZSFE_PRODUCT_ID</TYP>
      </RSIMP>
      <RSIMP>
       <PARAMETER>LV_CARD_ID</PARAMETER>
       <TYP>ZSFE_CARD_ID</TYP>
      </RSIMP>
     </IMPORT>
     <DOCUMENTATION>
      <RSFDO>
       <PARAMETER>LV_PASSPORT</PARAMETER>
       <KIND>P</KIND>
       <STEXT>Owner_Passport</STEXT>
      </RSFDO>
      <RSFDO>
       <PARAMETER>LV_PRODUCT_ID</PARAMETER>
       <KIND>P</KIND>
       <STEXT>Product_ID</STEXT>
      </RSFDO>
      <RSFDO>
       <PARAMETER>LV_CARD_ID</PARAMETER>
       <KIND>P</KIND>
       <STEXT>Card_ID</STEXT>
      </RSFDO>
     </DOCUMENTATION>
    </item>
    <item>
     <FUNCNAME>ZSFE_FM_INSERT_PRODUCT</FUNCNAME>
     <UPDATE_TASK>1</UPDATE_TASK>
     <SHORT_TEXT>FM for insert product</SHORT_TEXT>
     <IMPORT>
      <RSIMP>
       <PARAMETER>LV_PRODUCT_ID</PARAMETER>
       <TYP>ZSFE_PRODUCT_ID</TYP>
      </RSIMP>
      <RSIMP>
       <PARAMETER>LV_PRODUCT_TYPE</PARAMETER>
       <TYP>ZSFE_PRODUCT_TYPE</TYP>
      </RSIMP>
      <RSIMP>
       <PARAMETER>LV_PRODUCT_BRAND</PARAMETER>
       <TYP>ZSFE_PRODUCT_BRAND</TYP>
      </RSIMP>
      <RSIMP>
       <PARAMETER>LV_PRODUCT_NAME</PARAMETER>
       <TYP>ZSFE_PRODUCT_NAME</TYP>
      </RSIMP>
      <RSIMP>
       <PARAMETER>LV_PRODUCT_KALIBER</PARAMETER>
       <TYP>ZSFE_KALIBER</TYP>
      </RSIMP>
      <RSIMP>
       <PARAMETER>LV_PRODUCT_PRICE</PARAMETER>
       <TYP>ZSFE_PRICE</TYP>
      </RSIMP>
     </IMPORT>
     <DOCUMENTATION>
      <RSFDO>
       <PARAMETER>LV_PRODUCT_ID</PARAMETER>
       <KIND>P</KIND>
       <STEXT>Product_ID</STEXT>
      </RSFDO>
      <RSFDO>
       <PARAMETER>LV_PRODUCT_TYPE</PARAMETER>
       <KIND>P</KIND>
       <STEXT>Product_Type</STEXT>
      </RSFDO>
      <RSFDO>
       <PARAMETER>LV_PRODUCT_BRAND</PARAMETER>
       <KIND>P</KIND>
       <STEXT>Product_Brand</STEXT>
      </RSFDO>
      <RSFDO>
       <PARAMETER>LV_PRODUCT_NAME</PARAMETER>
       <KIND>P</KIND>
       <STEXT>Product_Name</STEXT>
      </RSFDO>
      <RSFDO>
       <PARAMETER>LV_PRODUCT_KALIBER</PARAMETER>
       <KIND>P</KIND>
       <STEXT>Product_Kaliber</STEXT>
      </RSFDO>
      <RSFDO>
       <PARAMETER>LV_PRODUCT_PRICE</PARAMETER>
       <KIND>P</KIND>
       <STEXT>Product_Price</STEXT>
      </RSFDO>
     </DOCUMENTATION>
    </item>
    <item>
     <FUNCNAME>ZSFE_FM_UPDATE_ORDER</FUNCNAME>
     <UPDATE_TASK>1</UPDATE_TASK>
     <SHORT_TEXT>FM for Order Update</SHORT_TEXT>
     <IMPORT>
      <RSIMP>
       <PARAMETER>LV_ORDER_ID</PARAMETER>
       <TYP>ZSFE_ORDER_ID</TYP>
      </RSIMP>
      <RSIMP>
       <PARAMETER>LV_PRODUCT_ID</PARAMETER>
       <TYP>ZSFE_PRODUCT_ID</TYP>
      </RSIMP>
      <RSIMP>
       <PARAMETER>LV_PASSPORT</PARAMETER>
       <TYP>ZSFE_PASSPORT</TYP>
      </RSIMP>
      <RSIMP>
       <PARAMETER>LV_CARD_ID</PARAMETER>
       <TYP>ZSFE_CARD_ID</TYP>
      </RSIMP>
     </IMPORT>
     <DOCUMENTATION>
      <RSFDO>
       <PARAMETER>LV_ORDER_ID</PARAMETER>
       <KIND>P</KIND>
       <STEXT>Order_ID</STEXT>
      </RSFDO>
      <RSFDO>
       <PARAMETER>LV_PRODUCT_ID</PARAMETER>
       <KIND>P</KIND>
       <STEXT>Product_ID</STEXT>
      </RSFDO>
      <RSFDO>
       <PARAMETER>LV_PASSPORT</PARAMETER>
       <KIND>P</KIND>
       <STEXT>Owner_Passport</STEXT>
      </RSFDO>
      <RSFDO>
       <PARAMETER>LV_CARD_ID</PARAMETER>
       <KIND>P</KIND>
       <STEXT>Discount_Card_ID</STEXT>
      </RSFDO>
     </DOCUMENTATION>
    </item>
   </FUNCTIONS>
  </asx:values>
 </asx:abap>
</abapGit>
