﻿<?xml version="1.0" encoding="utf-8"?>
<abapGit version="v1.0.0" serializer="LCL_OBJECT_TABL" serializer_version="v1.0.0">
 <asx:abap xmlns:asx="http://www.sap.com/abapxml" version="1.0">
  <asx:values>
   <DD02V>
    <TABNAME>ZSFE_D_PRODUCT</TABNAME>
    <DDLANGUAGE>E</DDLANGUAGE>
    <TABCLASS>TRANSP</TABCLASS>
    <CLIDEP>X</CLIDEP>
    <DDTEXT>Product_Table</DDTEXT>
    <MAINFLAG>X</MAINFLAG>
    <CONTFLAG>A</CONTFLAG>
    <EXCLASS>4</EXCLASS>
   </DD02V>
   <DD09L>
    <TABNAME>ZSFE_D_PRODUCT</TABNAME>
    <AS4LOCAL>A</AS4LOCAL>
    <TABKAT>0</TABKAT>
    <TABART>APPL0</TABART>
    <BUFALLOW>N</BUFALLOW>
   </DD09L>
   <DD03P_TABLE>
    <DD03P>
     <FIELDNAME>MANDT</FIELDNAME>
     <KEYFLAG>X</KEYFLAG>
     <ROLLNAME>MANDT</ROLLNAME>
     <ADMINFIELD>0</ADMINFIELD>
     <NOTNULL>X</NOTNULL>
     <COMPTYPE>E</COMPTYPE>
    </DD03P>
    <DD03P>
     <FIELDNAME>PRODUCT_ID</FIELDNAME>
     <KEYFLAG>X</KEYFLAG>
     <ROLLNAME>ZSFE_PRODUCT_ID</ROLLNAME>
     <ADMINFIELD>0</ADMINFIELD>
     <NOTNULL>X</NOTNULL>
     <COMPTYPE>E</COMPTYPE>
    </DD03P>
    <DD03P>
     <FIELDNAME>PROVIDER_ID</FIELDNAME>
     <ROLLNAME>ZSFE_PROVIDER_ID</ROLLNAME>
     <CHECKTABLE>ZSFE_D_PROVIDER</CHECKTABLE>
     <ADMINFIELD>0</ADMINFIELD>
     <SHLPORIGIN>P</SHLPORIGIN>
     <COMPTYPE>E</COMPTYPE>
    </DD03P>
    <DD03P>
     <FIELDNAME>PRODUCT_KALIBER</FIELDNAME>
     <ROLLNAME>ZSFE_KALIBER</ROLLNAME>
     <ADMINFIELD>0</ADMINFIELD>
     <SHLPORIGIN>X</SHLPORIGIN>
     <COMPTYPE>E</COMPTYPE>
    </DD03P>
    <DD03P>
     <FIELDNAME>PRICE</FIELDNAME>
     <ROLLNAME>ZSFE_PRICE</ROLLNAME>
     <ADMINFIELD>0</ADMINFIELD>
     <COMPTYPE>E</COMPTYPE>
    </DD03P>
   </DD03P_TABLE>
   <DD05M_TABLE>
    <DD05M>
     <FIELDNAME>PROVIDER_ID</FIELDNAME>
     <FORTABLE>ZSFE_D_PRODUCT</FORTABLE>
     <FORKEY>MANDT</FORKEY>
     <CHECKTABLE>ZSFE_D_PROVIDER</CHECKTABLE>
     <CHECKFIELD>MANDT</CHECKFIELD>
     <PRIMPOS>0001</PRIMPOS>
     <DOMNAME>MANDT</DOMNAME>
     <DATATYPE>CLNT</DATATYPE>
     <LENG>000003</LENG>
    </DD05M>
    <DD05M>
     <FIELDNAME>PROVIDER_ID</FIELDNAME>
     <FORTABLE>ZSFE_D_PRODUCT</FORTABLE>
     <FORKEY>PROVIDER_ID</FORKEY>
     <CHECKTABLE>ZSFE_D_PROVIDER</CHECKTABLE>
     <CHECKFIELD>PROVIDER_ID</CHECKFIELD>
     <PRIMPOS>0002</PRIMPOS>
     <DOMNAME>ZSFE_PROVIDER_ID</DOMNAME>
     <DATATYPE>CHAR</DATATYPE>
     <LENG>000006</LENG>
    </DD05M>
   </DD05M_TABLE>
   <DD08V_TABLE>
    <DD08V>
     <FIELDNAME>PROVIDER_ID</FIELDNAME>
     <CHECKTABLE>ZSFE_D_PROVIDER</CHECKTABLE>
     <CARD>CN</CARD>
     <CARDLEFT>1</CARDLEFT>
    </DD08V>
   </DD08V_TABLE>
   <DD35V_TALE>
    <DD35V>
     <FIELDNAME>PRODUCT_KALIBER</FIELDNAME>
     <SHLPNAME>ZSFE_SH_PRODUCT</SHLPNAME>
    </DD35V>
   </DD35V_TALE>
   <DD36M>
    <DD36M>
     <FIELDNAME>PRODUCT_KALIBER</FIELDNAME>
     <SHLPNAME>ZSFE_SH_PRODUCT</SHLPNAME>
     <SHLPFIELD>PRODUCT_KALIBER</SHLPFIELD>
     <FLPOSITION>0001</FLPOSITION>
     <SHTABLE>ZSFE_D_PRODUCT</SHTABLE>
     <SHFIELD>PRODUCT_KALIBER</SHFIELD>
     <SHLPINPUT>X</SHLPINPUT>
     <SHLPOUTPUT>X</SHLPOUTPUT>
     <ROLLNAME>ZSFE_KALIBER</ROLLNAME>
     <DOMNAME>ZSFE_KALIBER</DOMNAME>
     <DATATYPE>CHAR</DATATYPE>
     <LENG>000020</LENG>
    </DD36M>
   </DD36M>
   <TABL_EXTRAS>
    <TDDAT>
     <TABNAME>ZSFE_D_PRODUCT</TABNAME>
     <CCLASS>&amp;NC&amp;</CCLASS>
    </TDDAT>
   </TABL_EXTRAS>
  </asx:values>
 </asx:abap>
</abapGit>
