﻿<?xml version="1.0" encoding="utf-8"?>
<abapGit version="v1.0.0" serializer="LCL_OBJECT_DTEL" serializer_version="v1.0.0">
 <asx:abap xmlns:asx="http://www.sap.com/abapxml" version="1.0">
  <asx:values>
   <DD04V>
    <ROLLNAME>ZSFE_ORDER_PRO_ID</ROLLNAME>
    <DDLANGUAGE>E</DDLANGUAGE>
    <DOMNAME>ZSFE_ORDER_PRO_ID</DOMNAME>
    <HEADLEN>16</HEADLEN>
    <SCRLEN1>10</SCRLEN1>
    <SCRLEN2>16</SCRLEN2>
    <SCRLEN3>16</SCRLEN3>
    <DDTEXT>Order-Product ID</DDTEXT>
    <REPTEXT>Order-Product ID</REPTEXT>
    <SCRTEXT_S>Ordr-ProID</SCRTEXT_S>
    <SCRTEXT_M>Order-Product ID</SCRTEXT_M>
    <SCRTEXT_L>Order-Product ID</SCRTEXT_L>
    <DTELMASTER>E</DTELMASTER>
    <REFKIND>D</REFKIND>
   </DD04V>
   <I18N_LANGS>
    <LANGU>R</LANGU>
   </I18N_LANGS>
   <DD04_TEXTS>
    <item>
     <DDLANGUAGE>R</DDLANGUAGE>
     <DDTEXT>Заказ-Продукт ID</DDTEXT>
     <REPTEXT>Заказ-Продукт ID</REPTEXT>
     <SCRTEXT_S>Заказ-ПрID</SCRTEXT_S>
     <SCRTEXT_M>Заказ-Продукт ID</SCRTEXT_M>
     <SCRTEXT_L>Заказ-Продукт ID</SCRTEXT_L>
    </item>
   </DD04_TEXTS>
  </asx:values>
 </asx:abap>
</abapGit>
