﻿<?xml version="1.0" encoding="utf-8"?>
<abapGit version="v1.0.0" serializer="LCL_OBJECT_TABL" serializer_version="v1.0.0">
 <asx:abap xmlns:asx="http://www.sap.com/abapxml" version="1.0">
  <asx:values>
   <DD02V>
    <TABNAME>ZSFE_D_CARD_TYPE</TABNAME>
    <DDLANGUAGE>E</DDLANGUAGE>
    <TABCLASS>TRANSP</TABCLASS>
    <CLIDEP>X</CLIDEP>
    <DDTEXT>Discount_Card_Type</DDTEXT>
    <MAINFLAG>X</MAINFLAG>
    <CONTFLAG>A</CONTFLAG>
    <EXCLASS>4</EXCLASS>
   </DD02V>
   <DD09L>
    <TABNAME>ZSFE_D_CARD_TYPE</TABNAME>
    <AS4LOCAL>A</AS4LOCAL>
    <TABKAT>0</TABKAT>
    <TABART>APPL0</TABART>
    <BUFALLOW>N</BUFALLOW>
   </DD09L>
   <DD03P_TABLE>
    <DD03P>
     <FIELDNAME>MANDT</FIELDNAME>
     <KEYFLAG>X</KEYFLAG>
     <ROLLNAME>MANDT</ROLLNAME>
     <ADMINFIELD>0</ADMINFIELD>
     <NOTNULL>X</NOTNULL>
     <COMPTYPE>E</COMPTYPE>
    </DD03P>
    <DD03P>
     <FIELDNAME>CARD_TYPE_ID</FIELDNAME>
     <KEYFLAG>X</KEYFLAG>
     <ROLLNAME>ZSFE_CARD_TYPE_ID</ROLLNAME>
     <ADMINFIELD>0</ADMINFIELD>
     <NOTNULL>X</NOTNULL>
     <SHLPORIGIN>X</SHLPORIGIN>
     <COMPTYPE>E</COMPTYPE>
    </DD03P>
    <DD03P>
     <FIELDNAME>CARD_NAME</FIELDNAME>
     <ROLLNAME>ZSFE_CARD_NAME</ROLLNAME>
     <ADMINFIELD>0</ADMINFIELD>
     <SHLPORIGIN>X</SHLPORIGIN>
     <COMPTYPE>E</COMPTYPE>
    </DD03P>
    <DD03P>
     <FIELDNAME>DISCOUNT</FIELDNAME>
     <ROLLNAME>ZSFE_DISCOUNT</ROLLNAME>
     <ADMINFIELD>0</ADMINFIELD>
     <COMPTYPE>E</COMPTYPE>
    </DD03P>
   </DD03P_TABLE>
   <DD35V_TALE>
    <DD35V>
     <FIELDNAME>CARD_NAME</FIELDNAME>
     <SHLPNAME>ZSFE_SH_CARD_TYPE</SHLPNAME>
    </DD35V>
    <DD35V>
     <FIELDNAME>CARD_TYPE_ID</FIELDNAME>
     <SHLPNAME>ZSFE_SH_CARD_TYPE</SHLPNAME>
    </DD35V>
   </DD35V_TALE>
   <DD36M>
    <DD36M>
     <FIELDNAME>CARD_NAME</FIELDNAME>
     <SHLPNAME>ZSFE_SH_CARD_TYPE</SHLPNAME>
     <SHLPFIELD>CARD_NAME</SHLPFIELD>
     <FLPOSITION>0002</FLPOSITION>
     <SHTABLE>ZSFE_D_CARD_TYPE</SHTABLE>
     <SHFIELD>CARD_NAME</SHFIELD>
     <SHLPINPUT>X</SHLPINPUT>
     <SHLPOUTPUT>X</SHLPOUTPUT>
     <ROLLNAME>ZSFE_CARD_NAME</ROLLNAME>
     <DOMNAME>ZSFE_CARD_NAME</DOMNAME>
     <DATATYPE>CHAR</DATATYPE>
     <LENG>000020</LENG>
    </DD36M>
    <DD36M>
     <FIELDNAME>CARD_NAME</FIELDNAME>
     <SHLPNAME>ZSFE_SH_CARD_TYPE</SHLPNAME>
     <SHLPFIELD>CARD_TYPE_ID</SHLPFIELD>
     <FLPOSITION>0001</FLPOSITION>
     <SHTABLE>ZSFE_D_CARD_TYPE</SHTABLE>
     <SHFIELD>CARD_TYPE_ID</SHFIELD>
     <SHLPINPUT>X</SHLPINPUT>
     <SHLPOUTPUT>X</SHLPOUTPUT>
     <ROLLNAME>ZSFE_CARD_TYPE_ID</ROLLNAME>
     <DOMNAME>ZSFE_CARD_TYPE_ID</DOMNAME>
     <DATATYPE>NUMC</DATATYPE>
     <LENG>000006</LENG>
    </DD36M>
    <DD36M>
     <FIELDNAME>CARD_TYPE_ID</FIELDNAME>
     <SHLPNAME>ZSFE_SH_CARD_TYPE</SHLPNAME>
     <SHLPFIELD>CARD_NAME</SHLPFIELD>
     <FLPOSITION>0002</FLPOSITION>
     <SHTABLE>ZSFE_D_CARD_TYPE</SHTABLE>
     <SHFIELD>CARD_NAME</SHFIELD>
     <SHLPINPUT>X</SHLPINPUT>
     <SHLPOUTPUT>X</SHLPOUTPUT>
     <ROLLNAME>ZSFE_CARD_NAME</ROLLNAME>
     <DOMNAME>ZSFE_CARD_NAME</DOMNAME>
     <DATATYPE>CHAR</DATATYPE>
     <LENG>000020</LENG>
    </DD36M>
    <DD36M>
     <FIELDNAME>CARD_TYPE_ID</FIELDNAME>
     <SHLPNAME>ZSFE_SH_CARD_TYPE</SHLPNAME>
     <SHLPFIELD>CARD_TYPE_ID</SHLPFIELD>
     <FLPOSITION>0001</FLPOSITION>
     <SHTABLE>ZSFE_D_CARD_TYPE</SHTABLE>
     <SHFIELD>CARD_TYPE_ID</SHFIELD>
     <SHLPINPUT>X</SHLPINPUT>
     <SHLPOUTPUT>X</SHLPOUTPUT>
     <ROLLNAME>ZSFE_CARD_TYPE_ID</ROLLNAME>
     <DOMNAME>ZSFE_CARD_TYPE_ID</DOMNAME>
     <DATATYPE>NUMC</DATATYPE>
     <LENG>000006</LENG>
    </DD36M>
   </DD36M>
  </asx:values>
 </asx:abap>
</abapGit>
