﻿<?xml version="1.0" encoding="utf-8"?>
<abapGit version="v1.0.0" serializer="LCL_OBJECT_TABL" serializer_version="v1.0.0">
 <asx:abap xmlns:asx="http://www.sap.com/abapxml" version="1.0">
  <asx:values>
   <DD02V>
    <TABNAME>ZSFE_D_ORDER_PRO</TABNAME>
    <DDLANGUAGE>E</DDLANGUAGE>
    <TABCLASS>TRANSP</TABCLASS>
    <CLIDEP>X</CLIDEP>
    <DDTEXT>Order_Product_Table</DDTEXT>
    <MAINFLAG>X</MAINFLAG>
    <CONTFLAG>A</CONTFLAG>
    <EXCLASS>4</EXCLASS>
   </DD02V>
   <DD09L>
    <TABNAME>ZSFE_D_ORDER_PRO</TABNAME>
    <AS4LOCAL>A</AS4LOCAL>
    <TABKAT>0</TABKAT>
    <TABART>APPL0</TABART>
    <BUFALLOW>N</BUFALLOW>
   </DD09L>
   <DD03P_TABLE>
    <DD03P>
     <FIELDNAME>MANDT</FIELDNAME>
     <KEYFLAG>X</KEYFLAG>
     <ROLLNAME>MANDT</ROLLNAME>
     <CHECKTABLE>ZSFE_D_ORDER</CHECKTABLE>
     <ADMINFIELD>0</ADMINFIELD>
     <NOTNULL>X</NOTNULL>
     <SHLPORIGIN>P</SHLPORIGIN>
     <COMPTYPE>E</COMPTYPE>
    </DD03P>
    <DD03P>
     <FIELDNAME>ORDER_ID</FIELDNAME>
     <KEYFLAG>X</KEYFLAG>
     <ROLLNAME>ZSFE_ORDER_ID</ROLLNAME>
     <CHECKTABLE>ZSFE_D_ORDER</CHECKTABLE>
     <ADMINFIELD>0</ADMINFIELD>
     <NOTNULL>X</NOTNULL>
     <SHLPORIGIN>P</SHLPORIGIN>
     <COMPTYPE>E</COMPTYPE>
    </DD03P>
    <DD03P>
     <FIELDNAME>PRODUCT_ID</FIELDNAME>
     <KEYFLAG>X</KEYFLAG>
     <ROLLNAME>ZSFE_PRODUCT_ID</ROLLNAME>
     <CHECKTABLE>ZSFE_D_PRODUCT</CHECKTABLE>
     <ADMINFIELD>0</ADMINFIELD>
     <NOTNULL>X</NOTNULL>
     <SHLPORIGIN>P</SHLPORIGIN>
     <COMPTYPE>E</COMPTYPE>
    </DD03P>
    <DD03P>
     <FIELDNAME>ORDER_PRO_ID</FIELDNAME>
     <KEYFLAG>X</KEYFLAG>
     <ROLLNAME>ZSFE_ORDER_PRO_ID</ROLLNAME>
     <ADMINFIELD>0</ADMINFIELD>
     <NOTNULL>X</NOTNULL>
     <COMPTYPE>E</COMPTYPE>
    </DD03P>
   </DD03P_TABLE>
   <DD05M_TABLE>
    <DD05M>
     <FIELDNAME>MANDT</FIELDNAME>
     <FORTABLE>ZSFE_D_ORDER_PRO</FORTABLE>
     <FORKEY>MANDT</FORKEY>
     <CHECKTABLE>ZSFE_D_ORDER</CHECKTABLE>
     <CHECKFIELD>MANDT</CHECKFIELD>
     <PRIMPOS>0001</PRIMPOS>
     <DOMNAME>MANDT</DOMNAME>
     <DATATYPE>CLNT</DATATYPE>
     <LENG>000003</LENG>
    </DD05M>
    <DD05M>
     <FIELDNAME>MANDT</FIELDNAME>
     <FORTABLE>ZSFE_D_ORDER_PRO</FORTABLE>
     <FORKEY>ORDER_ID</FORKEY>
     <CHECKTABLE>ZSFE_D_ORDER</CHECKTABLE>
     <CHECKFIELD>ORDER_ID</CHECKFIELD>
     <PRIMPOS>0002</PRIMPOS>
     <DOMNAME>ZSFE_ORDER_ID</DOMNAME>
     <DATATYPE>NUMC</DATATYPE>
     <LENG>000006</LENG>
    </DD05M>
    <DD05M>
     <FIELDNAME>ORDER_ID</FIELDNAME>
     <FORTABLE>ZSFE_D_ORDER_PRO</FORTABLE>
     <FORKEY>MANDT</FORKEY>
     <CHECKTABLE>ZSFE_D_ORDER</CHECKTABLE>
     <CHECKFIELD>MANDT</CHECKFIELD>
     <PRIMPOS>0001</PRIMPOS>
     <DOMNAME>MANDT</DOMNAME>
     <DATATYPE>CLNT</DATATYPE>
     <LENG>000003</LENG>
    </DD05M>
    <DD05M>
     <FIELDNAME>ORDER_ID</FIELDNAME>
     <FORTABLE>ZSFE_D_ORDER_PRO</FORTABLE>
     <FORKEY>ORDER_ID</FORKEY>
     <CHECKTABLE>ZSFE_D_ORDER</CHECKTABLE>
     <CHECKFIELD>ORDER_ID</CHECKFIELD>
     <PRIMPOS>0002</PRIMPOS>
     <DOMNAME>ZSFE_ORDER_ID</DOMNAME>
     <DATATYPE>NUMC</DATATYPE>
     <LENG>000006</LENG>
    </DD05M>
    <DD05M>
     <FIELDNAME>PRODUCT_ID</FIELDNAME>
     <FORTABLE>ZSFE_D_ORDER_PRO</FORTABLE>
     <FORKEY>MANDT</FORKEY>
     <CHECKTABLE>ZSFE_D_PRODUCT</CHECKTABLE>
     <CHECKFIELD>MANDT</CHECKFIELD>
     <PRIMPOS>0001</PRIMPOS>
     <DOMNAME>MANDT</DOMNAME>
     <DATATYPE>CLNT</DATATYPE>
     <LENG>000003</LENG>
    </DD05M>
    <DD05M>
     <FIELDNAME>PRODUCT_ID</FIELDNAME>
     <FORTABLE>ZSFE_D_ORDER_PRO</FORTABLE>
     <FORKEY>PRODUCT_ID</FORKEY>
     <CHECKTABLE>ZSFE_D_PRODUCT</CHECKTABLE>
     <CHECKFIELD>PRODUCT_ID</CHECKFIELD>
     <PRIMPOS>0002</PRIMPOS>
     <DOMNAME>ZSFE_PRODUCT_ID</DOMNAME>
     <DATATYPE>NUMC</DATATYPE>
     <LENG>000006</LENG>
    </DD05M>
   </DD05M_TABLE>
   <DD08V_TABLE>
    <DD08V>
     <FIELDNAME>MANDT</FIELDNAME>
     <CHECKTABLE>ZSFE_D_ORDER</CHECKTABLE>
     <CARD>CN</CARD>
     <DDTEXT>Order-Product</DDTEXT>
     <CARDLEFT>1</CARDLEFT>
    </DD08V>
    <DD08V>
     <FIELDNAME>ORDER_ID</FIELDNAME>
     <CHECKTABLE>ZSFE_D_ORDER</CHECKTABLE>
    </DD08V>
    <DD08V>
     <FIELDNAME>PRODUCT_ID</FIELDNAME>
     <CHECKTABLE>ZSFE_D_PRODUCT</CHECKTABLE>
    </DD08V>
   </DD08V_TABLE>
   <TABL_EXTRAS>
    <TDDAT>
     <TABNAME>ZSFE_D_ORDER_PRO</TABNAME>
     <CCLASS>&amp;NC&amp;</CCLASS>
    </TDDAT>
   </TABL_EXTRAS>
  </asx:values>
 </asx:abap>
</abapGit>
