﻿<?xml version="1.0" encoding="utf-8"?>
<abapGit version="v1.0.0" serializer="LCL_OBJECT_DTEL" serializer_version="v1.0.0">
 <asx:abap xmlns:asx="http://www.sap.com/abapxml" version="1.0">
  <asx:values>
   <DD04V>
    <ROLLNAME>ZSFE_PROVIDER_NAME</ROLLNAME>
    <DDLANGUAGE>E</DDLANGUAGE>
    <DOMNAME>ZSFE_PROVIDER_NAME</DOMNAME>
    <HEADLEN>13</HEADLEN>
    <SCRLEN1>10</SCRLEN1>
    <SCRLEN2>13</SCRLEN2>
    <SCRLEN3>13</SCRLEN3>
    <DDTEXT>Provider_Name</DDTEXT>
    <REPTEXT>Provider_Name</REPTEXT>
    <SCRTEXT_S>Provi_Name</SCRTEXT_S>
    <SCRTEXT_M>Provider_Name</SCRTEXT_M>
    <SCRTEXT_L>Provider_Name</SCRTEXT_L>
    <DTELMASTER>E</DTELMASTER>
    <REFKIND>D</REFKIND>
   </DD04V>
   <I18N_LANGS>
    <LANGU>R</LANGU>
   </I18N_LANGS>
   <DD04_TEXTS>
    <item>
     <DDLANGUAGE>R</DDLANGUAGE>
     <DDTEXT>Поставщик</DDTEXT>
     <REPTEXT>Поставщик</REPTEXT>
     <SCRTEXT_S>Поставщик</SCRTEXT_S>
     <SCRTEXT_M>Поставщик</SCRTEXT_M>
     <SCRTEXT_L>Поставщик</SCRTEXT_L>
    </item>
   </DD04_TEXTS>
  </asx:values>
 </asx:abap>
</abapGit>
