﻿<?xml version="1.0" encoding="utf-8"?>
<abapGit version="v1.0.0" serializer="LCL_OBJECT_IWMO" serializer_version="v1.0.0">
 <asx:abap xmlns:asx="http://www.sap.com/abapxml" version="1.0">
  <asx:values>
   <_-IWBEP_-I_MGW_OHD>
    <_-IWBEP_-I_MGW_OHD>
     <TECHNICAL_NAME>ZSFE_C_PRODUCT2_CDS</TECHNICAL_NAME>
     <VERSION>0001</VERSION>
     <CLASS_NAME>ZCL_ZSFE_C_PRODUCT2</CLASS_NAME>
     <CREATED_BY>SFEDARONAK</CREATED_BY>
     <CREATED_TIMESTMP>20220325223704</CREATED_TIMESTMP>
    </_-IWBEP_-I_MGW_OHD>
   </_-IWBEP_-I_MGW_OHD>
   <_-IWBEP_-I_MGW_OHT>
    <_-IWBEP_-I_MGW_OHT>
     <TECHNICAL_NAME>ZSFE_C_PRODUCT2_CDS</TECHNICAL_NAME>
     <VERSION>0001</VERSION>
     <LANGUAGE>E</LANGUAGE>
     <DESCRIPTION>UI CDS for Product</DESCRIPTION>
    </_-IWBEP_-I_MGW_OHT>
   </_-IWBEP_-I_MGW_OHT>
  </asx:values>
 </asx:abap>
</abapGit>
